{
  "metadata": [
    {
      "src": [
        {
          "files": ["src/**.csproj"]
        }
      ],
      "dest": "api",
      "disableGitFeatures": false,
      "disableDefaultFilter": false
    }
  ],
  "build": {
    "content": [
      {
        "files": ["api/**.yml", "api/**.md", "api/index.md"]
      },
      {
        "files": ["toc.yml", "*.md"]
      }
    ],
    "resource": [
      {
        "files": ["images/**"]
      }
    ],
    "overwrite": [
      {
        "files": ["apidoc/**.md"],
        "exclude": ["obj/**", "_site/**"]
      }
    ],
    "dest": "_site",
    "globalMetadataFiles": [],
    "fileMetadataFiles": [],
    "postProcessors": [],
    "markdownEngineName": "markdig",
    "noLangKeyword": false,
    "keepFileLink": false,
    "cleanupCacheHistory": false,
    "disableGitFeatures": false,
    "globalMetadata": {
      "_appTitle": "Azure SDK for JS",
      "_appFooter": "Azure SDK for JS",
      "_disableContribution": true,
      "_enableSearch": false,
      "_enableNewTab": true
    }
  }
}
