{
  "advisor": "Advisor",
  "analysisservices": "Analysis Services",
  "apimanagement": "Api Management",
  "appconfiguration": "App Configuration",
  "applicationinsights": "Application Insights",
  "appservice": "App Service",
  "authorization": "Authorization",
  "automation": "Automation",
  "azurestack": "Azure Stack",
  "batch": "Batch",
  "batchai": "Batch AI",
  "billing": "Billing",
  "botservice": "Bot Service",
  "cdn": "CDN",
  "cognitiveservices": "Cognitive Services",
  "commerce": "Commerce",
  "compute": "Compute",
  "consumption": "Consumption",
  "containerinstance": "Container Instance",
  "containerregistry": "Container Registry",
  "containerservice": "Container Service",
  "core": "Core",
  "cosmosdb": "Cosmos DB",
  "customer-insights": "Customer Insights",
  "databox": "Data Box",
  "databricks": "Databricks",
  "datacatalog": "Data Catalog",
  "datafactory": "Data Factory",
  "datamigration": "Database Migration",
  "deploymentmanager": "Deployment Manager",
  "deviceprovisioningservices": "Device Provisioning Services",
  "devspaces": "Dev Spaces",
  "devtestlabs": "DevTest Labs",
  "dns": "DNS",
  "domainservices": "Domain Services",
  "edgegateway": "Edge Gateway",
  "eventgrid": "Event Grid",
  "eventhub": "Event Hubs",
  "features": "Features",
  "frontdoor": "Front Door",
  "graphrbac": "Graph RBAC",
  "hanaonazure": "HANA on Azure",
  "hdinsight": "HDInsight",
  "identity": "Identity",
  "iotcentral": "IoT Central",
  "iothub": "IoT Hub",
  "iotspaces": "IoT Spaces",
  "keyvault": "Key Vault",
  "kusto": "Kusto",
  "labservices": "Lab Services",
  "links": "Links",
  "locks": "Locks",
  "logic": "Logic",
  "machinelearning": "Machine Learning",
  "machinelearningcompute": "Machine Learning Compute",
  "machinelearningexperimentation": "Machine Learning Experimentation",
  "machinelearningservices": "Machine Learning Services",
  "managedapplications": "Managed Applications",
  "managementgroups": "Management Groups",
  "managementpartner": "Management Partner",
  "maps": "Maps",
  "mariadb": "MariaDB",
  "marketplaceordering": "Marketplace Ordering",
  "mediaservices": "Media Services",
  "migrate": "Migrate",
  "mixedreality": "Mixed Reality",
  "monitor": "Monitor",
  "msi": "MSI",
  "mysql": "MySQL",
  "netapp": "NetApp",
  "network": "Network",
  "notificationhubs": "Notification Hubs",
  "operationalinsights": "Operational Insights",
  "operationsmanagement": "Operations Management",
  "peering": "Peering",
  "policy": "Policy",
  "policyinsights": "Policy Insights",
  "postgresql": "PostgreSQL",
  "powerbidedicated": "PowerBI Dedicated",
  "powerbiembedded": "PowerBI Embedded",
  "privatedns": "Private DNS",
  "recoveryservices": "Recovery Services",
  "recoveryservicesbackup": "Recovery Services Backup",
  "recoveryservicessiterecovery": "Recovery Services Site Recovery",
  "redis": "Redis",
  "relay": "Relay",
  "reservations": "Reservations",
  "resourcegraph": "Resource Graph",
  "resourcehealth": "Resource Health",
  "resources": "Resources",
  "search": "Search",
  "security": "Security",
  "serialconsole": "Serial Console",
  "service-map": "Service Map",
  "servicebus": "Service Bus",
  "servicefabric": "Service Fabric",
  "servicefabricmesh": "Service Fabric Mesh",
  "signalr": "SignalR",
  "sql": "SQL",
  "sqlvirtualmachine": "SQL Virtual Machine",
  "storage": "Storage",
  "storageimportexport": "Storage Import Export",
  "storagesync": "Storage Sync",
  "storsimple1200series": "Storsimple 1200 Series",
  "storsimple8000series": "Storsimple 8000 Series",
  "streamanalytics": "Stream Analytics",
  "subscription": "Subscription",
  "template": "Template",
  "test-utils": "Test Utils",
  "textanalytics": "Text Analytics",
  "timeseriesinsights": "Time Series Insights",
  "trafficmanager": "Traffic Manager",
  "visualstudio": "Visual Studio",
  "vmwarecloudsimple": "VMware by CloudSimple"
}
