{
  "-1": {
    "justifications": "This is a sample.",
    "approved": "2017-04-26T16:55:14.049Z",
    "days": 10
  },
  "34354181": {
    "info": "azure-autorest",
    "justification": "Azure SDK tools and libraries team is doing complete open source in this space and keeps an active private fork to keep from releasing features too early",
    "approved": "2019-10-08T17:44:08.354Z",
    "days": 180
  },
  "23891461": {
    "info": "azure-powershell-pr",
    "justification": "Azure SDK tools and libraries team is doing complete open source in this space and keeps an active private fork to keep from releasing features too early",
    "approved": "2019-10-08T17:44:08.354Z",
    "days": 180
  },
  "53630085": {
    "info": "azure-rest-api-specs-pr",
    "justification": "Azure SDK tools and libraries team is doing complete open source in this space and keeps an active private fork to keep from releasing features too early",
    "approved": "2019-10-08T17:44:08.354Z",
    "days": 180
  },
  "2571380": {
    "info": "azure-sdk-for-java-pr",
    "justification": "Azure SDK tools and libraries team is doing complete open source in this space and keeps an active private fork to keep from releasing features too early",
    "approved": "2019-10-08T17:44:08.354Z",
    "days": 180
  },
  "5530833": {
    "info": "azure-sdk-for-net-installer",
    "justification": "Azure SDK tools and libraries team is doing complete open source in this space and keeps an active private fork to keep from releasing features too early",
    "approved": "2019-10-08T17:44:08.354Z",
    "days": 180
  },
  "2602100": {
    "info": "azure-sdk-for-net-pr",
    "justification": "Azure SDK tools and libraries team is doing complete open source in this space and keeps an active private fork to keep from releasing features too early",
    "approved": "2019-10-08T17:44:08.354Z",
    "days": 180
  },
  "15954761": {
    "info": "azure-sdk-for-node-pr",
    "justification": "Azure SDK tools and libraries team is doing complete open source in this space and keeps an active private fork to keep from releasing features too early",
    "approved": "2019-10-08T17:44:08.354Z",
    "days": 180
  },
  "32198515": {
    "info": "azure-sdk-for-python-pr",
    "justification": "Azure SDK tools and libraries team is doing complete open source in this space and keeps an active private fork to keep from releasing features too early",
    "approved": "2019-10-08T17:44:08.354Z",
    "days": 180
  },
  "2942160": {
    "info": "azure-sdk-tools",
    "justification": "Azure SDK tools and libraries team is doing complete open source in this space and keeps an active private fork to keep from releasing features too early",
    "approved": "2019-10-08T17:44:08.354Z",
    "days": 180
  },
  "51557534": {
    "info": "azure-xplat-cli-python",
    "justification": "Azure SDK tools and libraries team is doing complete open source in this space and keeps an active private fork to keep from releasing features too early",
    "approved": "2019-10-08T17:44:08.354Z",
    "days": 180
  },
  "5798340": {
    "info": "ci-signing",
    "justification": "Azure SDK tools and libraries team is doing complete open source in this space and keeps an active private fork to keep from releasing features too early",
    "approved": "2019-10-08T17:44:08.354Z",
    "days": 180
  },
  "28355896": {
    "info": "hyak-common",
    "justification": "Azure SDK tools and libraries team is doing complete open source in this space and keeps an active private fork to keep from releasing features too early",
    "approved": "2019-10-08T17:44:08.354Z",
    "days": 180
  },
  "14627227": {
    "info": "hydra-specs-pr",
    "justification": "Azure SDK tools and libraries team is doing complete open source in this space and keeps an active private fork to keep from releasing features too early",
    "approved": "2019-10-08T17:44:08.354Z",
    "days": 180
  },
  "72758069": {
    "info": "azure_sdk_ci_tools",
    "justification": "Azure SDK tools and libraries team is doing complete open source in this space and keeps an active private fork to keep from releasing features too early",
    "approved": "2019-10-08T17:44:08.354Z",
    "days": 180
  },
  "84482714": {
    "info": "LearnAnalytics-AzureDataFactory-ML",
    "justification": "Sushma Vegunta requested the 90 day period, also Jeremy Reynolds and Kristin Tolle for the Learn Analytics training work that will go public.",
    "approved": "2017-05-02T19:34:12.967Z",
    "days": 90
  },
  "78797871": {
    "info": "LearnAnalytics-AzureDataLakeAnalyticsandAzureDataStore",
    "justification": "Sushma Vegunta requested the 90 day period, also Jeremy Reynolds and Kristin Tolle for the Learn Analytics training work that will go public.",
    "approved": "2017-05-02T19:34:12.967Z",
    "days": 90
  },
  "81496865": {
    "info": "LearnAnalytics-AzureMachineLearning-DeepDive",
    "justification": "Sushma Vegunta requested the 90 day period, also Jeremy Reynolds and Kristin Tolle for the Learn Analytics training work that will go public.",
    "approved": "2017-05-02T19:34:12.967Z",
    "days": 90
  },
  "84478168": {
    "info": "LearnAnalytics-CortanaIntelligenceReferenceGuide",
    "justification": "Sushma Vegunta requested the 90 day period, also Jeremy Reynolds and Kristin Tolle for the Learn Analytics training work that will go public.",
    "approved": "2017-05-02T19:34:12.967Z",
    "days": 90
  },
  "82095346": {
    "info": "LearnAnalytics-DeepLearning",
    "justification": "Sushma Vegunta requested the 90 day period, also Jeremy Reynolds and Kristin Tolle for the Learn Analytics training work that will go public.",
    "approved": "2017-05-02T19:34:12.967Z",
    "days": 90
  },
  "81494244": {
    "info": "LearnAnalytics-GeneratingRecommendationswiththeCognitiveServicesAPI",
    "justification": "Sushma Vegunta requested the 90 day period, also Jeremy Reynolds and Kristin Tolle for the Learn Analytics training work that will go public.",
    "approved": "2017-05-02T19:34:12.967Z",
    "days": 90
  },
  "76494436": {
    "info": "LearnAnalytics-HDI-Admin-Config-Security",
    "justification": "Sushma Vegunta requested the 90 day period, also Jeremy Reynolds and Kristin Tolle for the Learn Analytics training work that will go public.",
    "approved": "2017-05-02T19:34:12.967Z",
    "days": 90
  },
  "75253168": {
    "info": "LearnAnalytics-Microsoft-R-notebooks",
    "justification": "Sushma Vegunta requested the 90 day period, also Jeremy Reynolds and Kristin Tolle for the Learn Analytics training work that will go public.",
    "approved": "2017-05-02T19:34:12.967Z",
    "days": 90
  },
  "80073707": {
    "info": "LearnAnalytics-RtoMicrosoftRtoSQLR",
    "justification": "Sushma Vegunta requested the 90 day period, also Jeremy Reynolds and Kristin Tolle for the Learn Analytics training work that will go public.",
    "approved": "2017-05-02T19:34:12.967Z",
    "days": 90
  },
  "84365163": {
    "info": "LearnAnalytics-StreamAnalyticsandEventHubs",
    "justification": "Sushma Vegunta requested the 90 day period, also Jeremy Reynolds and Kristin Tolle for the Learn Analytics training work that will go public.",
    "approved": "2017-05-02T19:34:12.967Z",
    "days": 90
  },
  "82715152": {
    "info": "LearnAnalytics-TopicsInMicrosoftRServer",
    "justification": "Sushma Vegunta requested the 90 day period, also Jeremy Reynolds and Kristin Tolle for the Learn Analytics training work that will go public.",
    "approved": "2017-05-02T19:34:12.967Z",
    "days": 90
  },
  "81488358": {
    "info": "LearnAnalytics-VisualizingDatawithPowerBI",
    "justification": "Sushma Vegunta requested the 90 day period, also Jeremy Reynolds and Kristin Tolle for the Learn Analytics training work that will go public.",
    "approved": "2017-05-02T19:34:12.967Z",
    "days": 90
  },
  "77930675": {
    "info": "Spark-HDI-Course",
    "justification": "Sushma Vegunta requested the 90 day period, also Jeremy Reynolds and Kristin Tolle for the Learn Analytics training work that will go public.",
    "approved": "2017-05-02T19:34:12.967Z",
    "days": 90
  },
  "57231431": {
    "info": "Microsoft/bf-blog",
    "justification": "Per conversation with Andrea Orimoto (https://blog.botframework.com/), this blog will eventually be migrated to a new blog platform, or if it cannot be, this repo can go public at the expiration time of the request. Conversation from 5/16/2017 with JWilcox.",
    "approved": "2017-05-16T17:06:40.935Z",
    "days": 120
  },
  "45603512": {
    "info": "vscode-extension-samples",
    "approved": "2017-09-08T19:47:02.649Z",
    "justification": "vscode repos are open source related",
    "days": 3650
  },
  "43916263": {
    "info": "vscode-tslint",
    "approved": "2017-09-08T19:47:02.649Z",
    "justification": "vscode repos are open source related",
    "days": 3650
  },
  "45872307": {
    "info": "vscode-mono-debug",
    "approved": "2017-09-08T19:47:02.649Z",
    "justification": "vscode repos are open source related",
    "days": 3650
  },
  "53458126": {
    "info": "vscode-sublime-keybindings",
    "approved": "2017-09-08T19:47:02.649Z",
    "justification": "vscode repos are open source related",
    "days": 3650
  },
  "53333287": {
    "info": "vsts-vscode",
    "approved": "2017-09-08T19:47:02.649Z",
    "justification": "vscode repos are open source related",
    "days": 3650
  },
  "64506706": {
    "info": "openpublishing-vscode-markdown",
    "approved": "2017-09-08T19:47:02.649Z",
    "justification": "vscode repos are open source related",
    "days": 3650
  },
  "97177330": {
    "info": "vscode-azure-account",
    "approved": "2017-09-08T19:47:02.649Z",
    "justification": "vscode repos are open source related",
    "days": 3650
  },
  "68857143": {
    "info": "vscode-markdown-atom-grammar",
    "approved": "2017-09-08T19:47:02.649Z",
    "justification": "vscode repos are open source related",
    "days": 3650
  },
  "42131201": {
    "info": "vscode-powershell",
    "approved": "2017-09-08T19:47:02.649Z",
    "justification": "vscode repos are open source related",
    "days": 3650
  },
  "45856174": {
    "info": "vscode-connect",
    "approved": "2017-09-08T19:47:02.649Z",
    "justification": "vscode repos are open source related",
    "days": 3650
  },
  "47515815": {
    "info": "vscode-debugadapter-node",
    "approved": "2017-09-08T19:47:02.649Z",
    "justification": "vscode repos are open source related",
    "days": 3650
  },
  "49938946": {
    "info": "vscode-update-server",
    "approved": "2017-09-08T19:47:02.649Z",
    "justification": "vscode repos are open source related",
    "days": 3650
  },
  "60618850": {
    "info": "vscode-uri",
    "approved": "2017-09-08T19:47:02.649Z",
    "justification": "vscode repos are open source related",
    "days": 3650
  },
  "63800738": {
    "info": "sarif-viewer-vscode",
    "approved": "2017-09-08T19:47:02.649Z",
    "justification": "vscode repos are open source related",
    "days": 3650
  },
  "75643886": {
    "info": "vscode-azure-pack",
    "approved": "2017-09-08T19:47:02.649Z",
    "justification": "vscode repos are open source related",
    "days": 3650
  },
  "98935458": {
    "info": "vscode-azureappservice",
    "approved": "2017-09-08T19:47:02.649Z",
    "justification": "vscode repos are open source related",
    "days": 3650
  },
  "101294803": {
    "info": "vscode-sublime-importer",
    "approved": "2017-09-08T19:47:02.649Z",
    "justification": "vscode repos are open source related",
    "days": 3650
  },
  "44242389": {
    "info": "vscode-comment",
    "approved": "2017-09-08T19:47:02.649Z",
    "justification": "vscode repos are open source related",
    "days": 3650
  },
  "45051496": {
    "info": "vscode-jshint",
    "approved": "2017-09-08T19:47:02.649Z",
    "justification": "vscode repos are open source related",
    "days": 3650
  },
  "46010143": {
    "info": "vscode-themes",
    "approved": "2017-09-08T19:47:02.649Z",
    "justification": "vscode repos are open source related",
    "days": 3650
  },
  "46275535": {
    "info": "vscode-languageserver-node-example",
    "approved": "2017-09-08T19:47:02.649Z",
    "justification": "vscode repos are open source related",
    "days": 3650
  },
  "50060429": {
    "info": "vscode-react-native",
    "approved": "2017-09-08T19:47:02.649Z",
    "justification": "vscode repos are open source related",
    "days": 3650
  },
  "50916852": {
    "info": "vscode-nls",
    "approved": "2017-09-08T19:47:02.649Z",
    "justification": "vscode repos are open source related",
    "days": 3650
  },
  "72477457": {
    "info": "pxt-microbit-vscode",
    "approved": "2017-09-08T19:47:02.649Z",
    "justification": "vscode repos are open source related",
    "days": 3650
  },
  "93455076": {
    "info": "vscode-security",
    "approved": "2017-09-08T19:47:02.649Z",
    "justification": "vscode repos are open source related",
    "days": 3650
  },
  "95047140": {
    "info": "vscode-emmet-helper",
    "approved": "2017-09-08T19:47:02.649Z",
    "justification": "vscode repos are open source related",
    "days": 3650
  },
  "42577966": {
    "info": "vscode-editorconfig",
    "approved": "2017-09-08T19:47:02.649Z",
    "justification": "vscode repos are open source related",
    "days": 3650
  },
  "43098622": {
    "info": "vscode-samples",
    "approved": "2017-09-08T19:47:02.649Z",
    "justification": "vscode repos are open source related",
    "days": 3650
  },
  "43924169": {
    "info": "vscode-extension-vscode",
    "approved": "2017-09-08T19:47:02.649Z",
    "justification": "vscode repos are open source related",
    "days": 3650
  },
  "52826270": {
    "info": "vscode-sign-worker",
    "approved": "2017-09-08T19:47:02.649Z",
    "justification": "vscode repos are open source related",
    "days": 3650
  },
  "65765788": {
    "info": "vscode-azurefunctions",
    "approved": "2017-09-08T19:47:02.649Z",
    "justification": "vscode repos are open source related",
    "days": 3650
  },
  "81194724": {
    "info": "vscode-performance-tools",
    "approved": "2017-09-08T19:47:02.649Z",
    "justification": "vscode repos are open source related",
    "days": 3650
  },
  "45975112": {
    "info": "vscode-node-debug",
    "approved": "2017-09-08T19:47:02.649Z",
    "justification": "vscode repos are open source related",
    "days": 3650
  },
  "46128517": {
    "info": "vscode-editor-distro",
    "approved": "2017-09-08T19:47:02.649Z",
    "justification": "vscode repos are open source related",
    "days": 3650
  },
  "75977142": {
    "info": "applicationinsights-vscode",
    "approved": "2017-09-08T19:47:02.649Z",
    "justification": "vscode repos are open source related",
    "days": 3650
  },
  "90987382": {
    "info": "vscode-electron-prebuilt",
    "approved": "2017-09-08T19:47:02.649Z",
    "justification": "vscode repos are open source related",
    "days": 3650
  },
  "94467999": {
    "info": "vscode-github-issues-prs",
    "approved": "2017-09-08T19:47:02.649Z",
    "justification": "vscode repos are open source related",
    "days": 3650
  },
  "44415469": {
    "info": "vscode-docker",
    "approved": "2017-09-08T19:47:02.649Z",
    "justification": "vscode repos are open source related",
    "days": 3650
  },
  "44885504": {
    "info": "vscode-flow",
    "approved": "2017-09-08T19:47:02.649Z",
    "justification": "vscode repos are open source related",
    "days": 3650
  },
  "46005075": {
    "info": "vscode-distro",
    "approved": "2017-09-08T19:47:02.649Z",
    "justification": "vscode repos are open source related",
    "days": 3650
  },
  "49637376": {
    "info": "vscode-release-server",
    "approved": "2017-09-08T19:47:02.649Z",
    "justification": "vscode repos are open source related",
    "days": 3650
  },
  "54073010": {
    "info": "vscode-ios-web-debug",
    "approved": "2017-09-08T19:47:02.649Z",
    "justification": "vscode repos are open source related",
    "days": 3650
  },
  "56274501": {
    "info": "vscode-kusto",
    "approved": "2017-09-08T19:47:02.649Z",
    "justification": "vscode repos are open source related",
    "days": 3650
  },
  "64249779": {
    "info": "vscode",
    "approved": "2017-09-08T19:47:02.649Z",
    "justification": "vscode repos are open source related",
    "days": 3650
  },
  "76410920": {
    "info": "vscode-tenx",
    "approved": "2017-09-08T19:47:02.649Z",
    "justification": "vscode repos are open source related",
    "days": 3650
  },
  "85324115": {
    "info": "vscode-internalbacklog",
    "approved": "2017-09-08T19:47:02.649Z",
    "justification": "vscode repos are open source related",
    "days": 3650
  },
  "89576307": {
    "info": "vscode-smoketest",
    "approved": "2017-09-08T19:47:02.649Z",
    "justification": "vscode repos are open source related",
    "days": 3650
  },
  "97272385": {
    "info": "vscode-credstore",
    "approved": "2017-09-08T19:47:02.649Z",
    "justification": "vscode repos are open source related",
    "days": 3650
  },
  "99273402": {
    "info": "vscode-JSON.tmLanguage",
    "approved": "2017-09-08T19:47:02.649Z",
    "justification": "vscode repos are open source related",
    "days": 3650
  },
  "102022286": {
    "info": "vscode-cascade",
    "approved": "2017-09-08T19:47:02.649Z",
    "justification": "vscode repos are open source related",
    "days": 3650
  },
  "43156818": {
    "info": "vscode-generator-code",
    "approved": "2017-09-08T19:47:02.649Z",
    "justification": "vscode repos are open source related",
    "days": 3650
  },
  "43982320": {
    "info": "vscode-wordcount",
    "approved": "2017-09-08T19:47:02.649Z",
    "justification": "vscode repos are open source related",
    "days": 3650
  },
  "45086542": {
    "info": "vscode-jscs",
    "approved": "2017-09-08T19:47:02.649Z",
    "justification": "vscode repos are open source related",
    "days": 3650
  },
  "46061372": {
    "info": "vscode-zoom",
    "approved": "2017-09-08T19:47:02.649Z",
    "justification": "vscode repos are open source related",
    "days": 3650
  },
  "46128261": {
    "info": "vscode-editor",
    "approved": "2017-09-08T19:47:02.649Z",
    "justification": "vscode repos are open source related",
    "days": 3650
  },
  "58413279": {
    "info": "vscode-swagger-html",
    "approved": "2017-09-08T19:47:02.649Z",
    "justification": "vscode repos are open source related",
    "days": 3650
  },
  "91097281": {
    "info": "vscode-ts-tslint",
    "approved": "2017-09-08T19:47:02.649Z",
    "justification": "vscode repos are open source related",
    "days": 3650
  },
  "99033869": {
    "info": "vscode-windows-process-tree",
    "approved": "2017-09-08T19:47:02.649Z",
    "justification": "vscode repos are open source related",
    "days": 3650
  },
  "100298835": {
    "info": "vscode-cosmosdb",
    "approved": "2017-09-08T19:47:02.649Z",
    "justification": "vscode repos are open source related",
    "days": 3650
  },
  "42926209": {
    "info": "vscode-vsce",
    "approved": "2017-09-08T19:47:02.649Z",
    "justification": "vscode repos are open source related",
    "days": 3650
  },
  "45267221": {
    "info": "vscode-spell-check",
    "approved": "2017-09-08T19:47:02.649Z",
    "justification": "vscode repos are open source related",
    "days": 3650
  },
  "65857714": {
    "info": "vscode-telemetry-health",
    "approved": "2017-09-08T19:47:02.649Z",
    "justification": "vscode repos are open source related",
    "days": 3650
  },
  "78608777": {
    "info": "vscode-debug-handshake",
    "approved": "2017-09-08T19:47:02.649Z",
    "justification": "vscode repos are open source related",
    "days": 3650
  },
  "46578607": {
    "info": "vscode-htmlhint",
    "approved": "2017-09-08T19:47:02.649Z",
    "justification": "vscode repos are open source related",
    "days": 3650
  },
  "56088006": {
    "info": "vscode-chrome-debug-core",
    "approved": "2017-09-08T19:47:02.649Z",
    "justification": "vscode repos are open source related",
    "days": 3650
  },
  "68237072": {
    "info": "vscode-html-languageservice",
    "approved": "2017-09-08T19:47:02.649Z",
    "justification": "vscode repos are open source related",
    "days": 3650
  },
  "68316898": {
    "info": "vscode-workspaceconfig-sample",
    "approved": "2017-09-08T19:47:02.649Z",
    "justification": "vscode repos are open source related",
    "days": 3650
  },
  "77013141": {
    "info": "vscode-arduino",
    "approved": "2017-09-08T19:47:02.649Z",
    "justification": "vscode repos are open source related",
    "days": 3650
  },
  "87365657": {
    "info": "vscode-emmet",
    "approved": "2017-09-08T19:47:02.649Z",
    "justification": "vscode repos are open source related",
    "days": 3650
  },
  "93013227": {
    "info": "vscode-azure-batch-tools",
    "approved": "2017-09-08T19:47:02.649Z",
    "justification": "vscode repos are open source related",
    "days": 3650
  },
  "42658311": {
    "info": "vscode-SpellMD",
    "approved": "2017-09-08T19:47:02.649Z",
    "justification": "vscode repos are open source related",
    "days": 3650
  },
  "53537573": {
    "info": "vscode-atom-keybindings",
    "approved": "2017-09-08T19:47:02.649Z",
    "justification": "vscode repos are open source related",
    "days": 3650
  },
  "71860415": {
    "info": "adla-vscode",
    "approved": "2017-09-08T19:47:02.649Z",
    "justification": "vscode repos are open source related",
    "days": 3650
  },
  "81969884": {
    "info": "vscode-r",
    "approved": "2017-09-08T19:47:02.649Z",
    "justification": "vscode repos are open source related",
    "days": 3650
  },
  "93572839": {
    "info": "vscode-serverless",
    "approved": "2017-09-08T19:47:02.649Z",
    "justification": "vscode repos are open source related",
    "days": 3650
  },
  "99625926": {
    "info": "vscode-bing",
    "approved": "2017-09-08T19:47:02.649Z",
    "justification": "vscode repos are open source related",
    "days": 3650
  },
  "41883745": {
    "info": "vscode-languageworker-dotnet",
    "approved": "2017-09-08T19:47:02.649Z",
    "justification": "vscode repos are open source related",
    "days": 3650
  },
  "45036984": {
    "info": "vscode-eslint",
    "approved": "2017-09-08T19:47:02.649Z",
    "justification": "vscode repos are open source related",
    "days": 3650
  },
  "56876470": {
    "info": "vscode-marketplace",
    "approved": "2017-09-08T19:47:02.649Z",
    "justification": "vscode repos are open source related",
    "days": 3650
  },
  "99665151": {
    "info": "vscode-azure-iot-toolkit",
    "approved": "2017-09-08T19:47:02.649Z",
    "justification": "vscode repos are open source related",
    "days": 3650
  },
  "45913116": {
    "info": "vscode-typescript",
    "approved": "2017-09-08T19:47:02.649Z",
    "justification": "vscode repos are open source related",
    "days": 3650
  },
  "51181395": {
    "info": "vscode-extension-telemetry",
    "approved": "2017-09-08T19:47:02.649Z",
    "justification": "vscode repos are open source related",
    "days": 3650
  },
  "53992646": {
    "info": "vscode-tips-and-tricks",
    "approved": "2017-09-08T19:47:02.649Z",
    "justification": "vscode repos are open source related",
    "days": 3650
  },
  "61140006": {
    "info": "vscode-node-debug2",
    "approved": "2017-09-08T19:47:02.649Z",
    "justification": "vscode repos are open source related",
    "days": 3650
  },
  "43582653": {
    "info": "vscode-MDTools",
    "approved": "2017-09-08T19:47:02.649Z",
    "justification": "vscode repos are open source related",
    "days": 3650
  },
  "46009841": {
    "info": "vscode-loader",
    "approved": "2017-09-08T19:47:02.649Z",
    "justification": "vscode repos are open source related",
    "days": 3650
  },
  "98263285": {
    "info": "vscode-kubernetes-tools",
    "approved": "2017-09-08T19:47:02.649Z",
    "justification": "vscode repos are open source related",
    "days": 3650
  },
  "54602587": {
    "info": "vscode-react-sample",
    "approved": "2017-09-08T19:47:02.649Z",
    "justification": "vscode repos are open source related",
    "days": 3650
  },
  "63717575": {
    "info": "vscode-js-atom-grammar",
    "approved": "2017-09-08T19:47:02.649Z",
    "justification": "vscode repos are open source related",
    "days": 3650
  },
  "71347755": {
    "info": "vscode-tools",
    "approved": "2017-09-08T19:47:02.649Z",
    "justification": "vscode repos are open source related",
    "days": 3650
  },
  "83073395": {
    "info": "vscode-powershellise-keybindings",
    "approved": "2017-09-08T19:47:02.649Z",
    "justification": "vscode repos are open source related",
    "days": 3650
  },
  "85340213": {
    "info": "vscode-azureappservice",
    "approved": "2017-09-08T19:47:02.649Z",
    "justification": "vscode repos are open source related",
    "days": 3650
  },
  "92323899": {
    "info": "vscode-probot",
    "approved": "2017-09-08T19:47:02.649Z",
    "justification": "vscode repos are open source related",
    "days": 3650
  },
  "94149823": {
    "info": "vscode-git",
    "approved": "2017-09-08T19:47:02.649Z",
    "justification": "vscode repos are open source related",
    "days": 3650
  },
  "101234467": {
    "info": "vscode-azure-ext-sdk",
    "approved": "2017-09-08T19:47:02.649Z",
    "justification": "vscode repos are open source related",
    "days": 3650
  },
  "41861768": {
    "info": "vscode-languageserver-node",
    "approved": "2017-09-08T19:47:02.649Z",
    "justification": "vscode repos are open source related",
    "days": 3650
  },
  "43333584": {
    "info": "vscode-extensionbuilders",
    "approved": "2017-09-08T19:47:02.649Z",
    "justification": "vscode repos are open source related",
    "days": 3650
  },
  "43547253": {
    "info": "vscode-backspace",
    "approved": "2017-09-08T19:47:02.649Z",
    "justification": "vscode repos are open source related",
    "days": 3650
  },
  "43805883": {
    "info": "vscode-mock-debug",
    "approved": "2017-09-08T19:47:02.649Z",
    "justification": "vscode repos are open source related",
    "days": 3650
  },
  "44264925": {
    "info": "vscode-go",
    "approved": "2017-09-08T19:47:02.649Z",
    "justification": "vscode repos are open source related",
    "days": 3650
  },
  "45575189": {
    "info": "vscode-hack",
    "approved": "2017-09-08T19:47:02.649Z",
    "justification": "vscode repos are open source related",
    "days": 3650
  },
  "46352728": {
    "info": "vscode-npm-scripts",
    "approved": "2017-09-08T19:47:02.649Z",
    "justification": "vscode repos are open source related",
    "days": 3650
  },
  "52871281": {
    "info": "vscode-resharper-keybindings",
    "approved": "2017-09-08T19:47:02.649Z",
    "justification": "vscode repos are open source related",
    "days": 3650
  },
  "61788006": {
    "info": "vscode-css-languageservice",
    "approved": "2017-09-08T19:47:02.649Z",
    "justification": "vscode repos are open source related",
    "days": 3650
  },
  "84582170": {
    "info": "vscode-mongodb",
    "approved": "2017-09-08T19:47:02.649Z",
    "justification": "vscode repos are open source related",
    "days": 3650
  },
  "85122141": {
    "info": "vscode-SCMBuilders",
    "approved": "2017-09-08T19:47:02.649Z",
    "justification": "vscode repos are open source related",
    "days": 3650
  },
  "41881900": {
    "info": "vscode",
    "approved": "2017-09-08T19:47:02.649Z",
    "justification": "vscode repos are open source related",
    "days": 3650
  },
  "45425758": {
    "info": "vscode-chrome-debug",
    "approved": "2017-09-08T19:47:02.649Z",
    "justification": "vscode repos are open source related",
    "days": 3650
  },
  "45709785": {
    "info": "vscode-LaTeX",
    "approved": "2017-09-08T19:47:02.649Z",
    "justification": "vscode repos are open source related",
    "days": 3650
  },
  "51448035": {
    "info": "vscode-gallery-server",
    "approved": "2017-09-08T19:47:02.649Z",
    "justification": "vscode repos are open source related",
    "days": 3650
  },
  "59167041": {
    "info": "vscode-wiki",
    "approved": "2017-09-08T19:47:02.649Z",
    "justification": "vscode repos are open source related",
    "days": 3650
  },
  "65765813": {
    "info": "vscode-azurefunctions-snippets",
    "approved": "2017-09-08T19:47:02.649Z",
    "justification": "vscode repos are open source related",
    "days": 3650
  },
  "41443539": {
    "info": "vscode-docs",
    "approved": "2017-09-08T19:47:02.649Z",
    "justification": "vscode repos are open source related",
    "days": 3650
  },
  "44106885": {
    "info": "vscode-typescript-import-helper",
    "approved": "2017-09-08T19:47:02.649Z",
    "justification": "vscode repos are open source related",
    "days": 3650
  },
  "46818289": {
    "info": "vscode-error-test",
    "approved": "2017-09-08T19:47:02.649Z",
    "justification": "vscode repos are open source related",
    "days": 3650
  },
  "51359984": {
    "info": "vscode-nls-dev",
    "approved": "2017-09-08T19:47:02.649Z",
    "justification": "vscode repos are open source related",
    "days": 3650
  },
  "54349228": {
    "info": "vscode-edge-debug",
    "approved": "2017-09-08T19:47:02.649Z",
    "justification": "vscode repos are open source related",
    "days": 3650
  },
  "61066311": {
    "info": "vscode-powershell-ops",
    "approved": "2017-09-08T19:47:02.649Z",
    "justification": "vscode repos are open source related",
    "days": 3650
  },
  "61871004": {
    "info": "vscode-json-languageservice",
    "approved": "2017-09-08T19:47:02.649Z",
    "justification": "vscode repos are open source related",
    "days": 3650
  },
  "84497474": {
    "info": "vscode-azurecli",
    "approved": "2017-09-08T19:47:02.649Z",
    "justification": "vscode repos are open source related",
    "days": 3650
  },
  "101380999": {
    "info": "vscode-azure-iot-edge",
    "approved": "2017-09-08T19:47:02.649Z",
    "justification": "vscode repos are open source related",
    "days": 3650
  },
  "102701360": {
    "info": "vscode-gdpr-tooling",
    "approved": "2017-09-08T19:47:02.649Z",
    "justification": "vscode repos are open source related",
    "days": 3650
  },
  "42534055": {
    "info": "vscode-textmate",
    "approved": "2017-09-08T19:47:02.649Z",
    "justification": "vscode repos are open source related",
    "days": 3650
  },
  "43678730": {
    "info": "vscode-tsd-recommender",
    "approved": "2017-09-08T19:47:02.649Z",
    "justification": "vscode repos are open source related",
    "days": 3650
  },
  "47294280": {
    "info": "vscode-website",
    "approved": "2017-09-08T19:47:02.649Z",
    "justification": "vscode repos are open source related",
    "days": 3650
  },
  "85638538": {
    "info": "vscode-springqbr",
    "approved": "2017-09-08T19:47:02.649Z",
    "justification": "vscode repos are open source related",
    "days": 3650
  },
  "102584737": {
    "info": "vscode-java-debug",
    "approved": "2017-09-08T19:47:02.649Z",
    "justification": "vscode repos are open source related",
    "days": 3650
  },
  "44761301": {
    "info": "vscode-htmltagwrap",
    "approved": "2017-09-08T19:47:02.649Z",
    "justification": "vscode repos are open source related",
    "days": 3650
  },
  "45430301": {
    "info": "vscode-mvpsummit",
    "approved": "2017-09-08T19:47:02.649Z",
    "justification": "vscode repos are open source related",
    "days": 3650
  },
  "46047297": {
    "info": "vscode-filewatcher-windows",
    "approved": "2017-09-08T19:47:02.649Z",
    "justification": "vscode repos are open source related",
    "days": 3650
  },
  "49288313": {
    "info": "vscode-cordova",
    "approved": "2017-09-08T19:47:02.649Z",
    "justification": "vscode repos are open source related",
    "days": 3650
  },
  "54800346": {
    "info": "vscode-cpptools",
    "approved": "2017-09-08T19:47:02.649Z",
    "justification": "vscode repos are open source related",
    "days": 3650
  },
  "57129759": {
    "info": "vscode-smoketest-express",
    "approved": "2017-09-08T19:47:02.649Z",
    "justification": "vscode repos are open source related",
    "days": 3650
  },
  "61973853": {
    "info": "vscode-mssql",
    "approved": "2017-09-08T19:47:02.649Z",
    "justification": "vscode repos are open source related",
    "days": 3650
  },
  "68108024": {
    "info": "vscode-generator-code-javascript",
    "approved": "2017-09-08T19:47:02.649Z",
    "justification": "vscode repos are open source related",
    "days": 3650
  },
  "75643950": {
    "info": "vscode-node-pack",
    "approved": "2017-09-08T19:47:02.649Z",
    "justification": "vscode repos are open source related",
    "days": 3650
  },
  "90312643": {
    "info": "vscode-recipes",
    "approved": "2017-09-08T19:47:02.649Z",
    "justification": "vscode repos are open source related",
    "days": 3650
  }
}