[
  {
    "name": "NewTeamsToday",
    "title": "New teams created today",
    "category": "dailyDigestOnly",
    "hasTable": true,
    "hasList": false,
    "table": {
      "groupBy": "orgName",
      "columns": {
        "teamName": "Team",
        "created": "Created",
        "maintainers": "Maintainers",
        "actions": "Actions"
      }
    }
  },
  {
    "name": "NewTeamsWeek",
    "title": "Newly created teams (past week)",
    "category": "weeklySummary",
    "hasTable": true,
    "hasList": false,
    "table": {
      "groupBy": "orgName",
      "columns": {
        "teamName": "Team",
        "created": "Created",
        "maintainers": "Maintainers",
        "actions": "Actions"
      }
    }
  },
  {
    "name": "emptyTeams",
    "title": "Completely empty teams",
    "ignoredDescription": "These teams are completely empty and should be garbage collected by an organization owner. There are no members or maintainers of the team and no assigned permissions.",
    "category": "weeklySummary",
    "hasTable": true,
    "hasList": false,
    "table": {
      "groupBy": "orgName",
      "columns": {
        "teamName": "Team",
        "created": "Created",
        "updated": "Updated",
        "actions": "Actions"
      }
    }
  },
  {
    "name": "noTeamMembers",
    "title": "Teams without members & without maintainers, but granting repository permissions",
    "ignoredDescription": "These teams have no members or maintainers but do have repository permissions assigned. An organization owner will need to either appoint maintainers or delete the team.",
    "category": "weeklySummary",
    "hasTable": true,
    "hasList": false,
    "table": {
      "groupBy": "orgName",
      "columns": {
        "teamName": "Team",
        "created": "Created",
        "updated": "Updated",
        "actions": "Actions"
      }
    }
  },
  {
    "name": "noTeamMaintainers",
    "title": "Teams without maintainers",
    "ignoredDescription": "These teams have no maintainers that can manage the team or make permission approvals.",
    "category": "weeklySummary",
    "hasTable": true,
    "hasList": false,
    "table": {
      "groupBy": "orgName",
      "columns": {
        "teamName": "Team",
        "created": "Created",
        "updated": "Updated",
        "actions": "Actions"
      }
    }
  },
  {
    "name": "unlinkedMaintainers",
    "title": "Unlinked team maintainers",
    "ignoredDescription": "These team maintainers are not linked to a corporate identity. If the maintainer is a current employee, please ask them to link their account immediately. If they are not recognized, please remove them from the team.",
    "category": "weeklySummary",
    "hasTable": true,
    "hasList": false,
    "table": {
      "groupBy": "orgName",
      "columns": {
        "teamName": "Team",
        "logins": "Unlinked team maintainers",
        "actions": "Actions"
      }
    }
  },
  {
    "name": "unlinkedMaintainersWhenAllowed",
    "title": "FYI: Community team maintainers and/or unlinked employee maintainers",
    "ignoredDescription": "Your organization permits external community members to earn the right to join the GitHub organization. The following team maintainers are not linked to a corporate identity. If the maintainer is a current employee, please ask them to link their account immediately. If they are not recognized, please remove them from the team. If this is a community member who should be a team maintainer, no action is required.",
    "category": "weeklySummary",
    "hasTable": true,
    "hasList": false,
    "table": {
      "groupBy": "orgName",
      "columns": {
        "teamName": "Team",
        "logins": "Unlinked team maintainers",
        "actions": "Actions"
      }
    }
  },
  {
    "name": "TeamsWithoutRepositories",
    "title": "Teams that grant no repository permissions",
    "description": "Teams that do not grant repository permissions should be garbage collected if they are no longer needed to better maintain organization permissions, unless these are used for at-mention purposes in issues.",
    "category": "weeklySummary",
    "hasTable": true,
    "hasList": false,
    "table": {
      "groupBy": "orgName",
      "columns": {
        "teamName": "Team",
        "created": "Created",
        "updated": "Updated",
        "actions": "Actions"
      }
    }
  }
]